{"cameraMode":{"drawMode":0,"name":"Shaded","section":"Shading Mode"},"sceneLighting":true,"audioPlay":false,"sceneViewState":{"m_AlwaysRefresh":false,"showFog":true,"showSkybox":true,"showFlares":true,"showImageEffects":true,"showParticleSystems":true,"showVisualEffectGraphs":true,"m_FxEnabled":true},"in2DMode":false,"pivot":{"x":-10.302614212036133,"y":16.156234741210939,"z":-10.784723281860352},"rotation":{"x":-0.2820110023021698,"y":-0.2241365909576416,"z":0.06793839484453201,"w":-0.9303852319717407},"size":26.239072799682618,"orthographic":false}