{"cameraMode":{"drawMode":0,"name":"Shaded","section":"Shading Mode"},"sceneLighting":true,"audioPlay":false,"sceneViewState":{"m_AlwaysRefresh":false,"showFog":true,"showSkybox":true,"showFlares":true,"showImageEffects":true,"showParticleSystems":true,"showVisualEffectGraphs":true,"m_FxEnabled":true},"in2DMode":false,"pivot":{"x":8.144023895263672,"y":14.029264450073243,"z":3.8318710327148439},"rotation":{"x":-0.048260632902383807,"y":-0.03535444289445877,"z":0.0017092166235670448,"w":-0.9982057809829712},"size":34.27498245239258,"orthographic":false}