{"cameraMode":{"drawMode":0,"name":"Shaded","section":"Shading Mode"},"sceneLighting":true,"audioPlay":false,"sceneViewState":{"m_AlwaysRefresh":false,"showFog":true,"showSkybox":true,"showFlares":true,"showImageEffects":true,"showParticleSystems":true,"showVisualEffectGraphs":true,"m_FxEnabled":true},"in2DMode":false,"pivot":{"x":5.282953262329102,"y":12.485847473144532,"z":-11.402698516845704},"rotation":{"x":-0.25099799036979678,"y":0.026709873229265214,"z":-0.006928789429366589,"w":-0.9675959348678589},"size":57.925209045410159,"orthographic":false}